{
  "Ansi 7 Color (Light)" : {
    "Red Component" : 0.91824531555175781,
    "Color Space" : "sRGB",
    "Blue Component" : 0.9182552695274353,
    "Alpha Component" : 1,
    "Green Component" : 0.91826683282852173
  },
  "Ansi 15 Color (Light)" : {
    "Red Component" : 0.91824531555175781,
    "Color Space" : "sRGB",
    "Blue Component" : 0.9182552695274353,
    "Alpha Component" : 1,
    "Green Component" : 0.91826683282852173
  },
  "Ansi 2 Color (Light)" : {
    "Red Component" : 0,
    "Color Space" : "sRGB",
    "Blue Component" : 0.54816734790802002,
    "Alpha Component" : 1,
    "Green Component" : 0.77129161357879639
  },
  "Bold Color" : {
    "Red Component" : 0.062745101749897003,
    "Color Space" : "sRGB",
    "Blue Component" : 0.062745101749897003,
    "Alpha Component" : 1,
    "Green Component" : 0.062745101749897003
  },
  "Ansi 1 Color (Dark)" : {
    "Red Component" : 0.96550124883651733,
    "Color Space" : "sRGB",
    "Blue Component" : 0.36836892366409302,
    "Alpha Component" : 1,
    "Green Component" : 0.39370739459991455
  },
  "Use Bright Bold" : true,
  "Ansi 9 Color (Light)" : {
    "Red Component" : 0.96550124883651733,
    "Color Space" : "sRGB",
    "Blue Component" : 0.36836892366409302,
    "Alpha Component" : 1,
    "Green Component" : 0.39370739459991455
  },
  "Ansi 8 Color (Dark)" : {
    "Red Component" : 0.40000000596046448,
    "Color Space" : "sRGB",
    "Blue Component" : 0.40000000596046448,
    "Alpha Component" : 1,
    "Green Component" : 0.40000000596046448
  },
  "Background Color" : {
    "Red Component" : 0.97999999999999998,
    "Color Space" : "sRGB",
    "Blue Component" : 0.97999999999999998,
    "Alpha Component" : 1,
    "Green Component" : 0.97999999999999998
  },
  "Columns" : 80,
  "Ansi 8 Color" : {
    "Red Component" : 0.40781760215759277,
    "Color Space" : "sRGB",
    "Blue Component" : 0.4078223705291748,
    "Alpha Component" : 1,
    "Green Component" : 0.40782788395881653
  },
  "Right Option Key Sends" : 0,
  "Ansi 4 Color (Light)" : {
    "Red Component" : 0.4029005765914917,
    "Color Space" : "sRGB",
    "Blue Component" : 0.87082749605178833,
    "Alpha Component" : 1,
    "Green Component" : 0.67849403619766235
  },
  "Blinking Cursor" : false,
  "Selected Text Color (Light)" : {
    "Red Component" : 0,
    "Color Space" : "sRGB",
    "Blue Component" : 0,
    "Alpha Component" : 1,
    "Green Component" : 0
  },
  "Selected Text Color (Dark)" : {
    "Red Component" : 0,
    "Color Space" : "sRGB",
    "Blue Component" : 0,
    "Alpha Component" : 1,
    "Green Component" : 0
  },
  "Ansi 3 Color (Dark)" : {
    "Red Component" : 0.91772204637527466,
    "Color Space" : "sRGB",
    "Blue Component" : 0.053253099322319031,
    "Alpha Component" : 1,
    "Green Component" : 0.90503400564193726
  },
  "Keyboard Map" : {

  },
  "Visual Bell" : true,
  "Cursor Text Color" : {
    "Red Component" : 1,
    "Color Space" : "sRGB",
    "Blue Component" : 1,
    "Alpha Component" : 1,
    "Green Component" : 1
  },
  "Scrollback Lines" : 1000,
  "Selection Color (Light)" : {
    "Red Component" : 0.7676805853843689,
    "Color Space" : "sRGB",
    "Blue Component" : 0.76760441064834595,
    "Alpha Component" : 1,
    "Green Component" : 0.76441162824630737
  },
  "Ansi 0 Color" : {
    "Red Component" : 0.078431375324726105,
    "Color Space" : "sRGB",
    "Blue Component" : 0.11764705926179886,
    "Alpha Component" : 1,
    "Green Component" : 0.098039217293262482
  },
  "Match Background Color (Dark)" : {
    "Red Component" : 0.99697142839431763,
    "Color Space" : "P3",
    "Blue Component" : 0.32116127014160156,
    "Alpha Component" : 1,
    "Green Component" : 0.98600882291793823
  },
  "Ansi 11 Color (Light)" : {
    "Red Component" : 0.91772204637527466,
    "Color Space" : "sRGB",
    "Blue Component" : 0.053253099322319031,
    "Alpha Component" : 1,
    "Green Component" : 0.90503400564193726
  },
  "Ansi 5 Color (Dark)" : {
    "Red Component" : 0.87703913450241089,
    "Color Space" : "sRGB",
    "Blue Component" : 0.87042087316513062,
    "Alpha Component" : 1,
    "Green Component" : 0.54056793451309204
  },
  "Cursor Text Color (Light)" : {
    "Red Component" : 0.15692716836929321,
    "Color Space" : "sRGB",
    "Blue Component" : 0.15692934393882751,
    "Alpha Component" : 1,
    "Green Component" : 0.15693187713623047
  },
  "Silence Bell" : false,
  "Rows" : 25,
  "Guid" : "4276FAFB-7114-41B8-90F5-6334E357D078",
  "Ansi 14 Color (Dark)" : {
    "Red Component" : 0.16966342926025391,
    "Color Space" : "sRGB",
    "Blue Component" : 0.88701140880584717,
    "Alpha Component" : 1,
    "Green Component" : 0.76887255907058716
  },
  "Ansi 15 Color (Dark)" : {
    "Red Component" : 0.91824531555175781,
    "Color Space" : "sRGB",
    "Blue Component" : 0.9182552695274353,
    "Alpha Component" : 1,
    "Green Component" : 0.91826683282852173
  },
  "Ansi 0 Color (Dark)" : {
    "Red Component" : 0,
    "Color Space" : "sRGB",
    "Blue Component" : 0,
    "Alpha Component" : 1,
    "Green Component" : 0
  },
  "Ambiguous Double Width" : false,
  "Option Key Sends" : 2,
  "Ansi 3 Color" : {
    "Red Component" : 0.78058648109436035,
    "Color Space" : "sRGB",
    "Blue Component" : 0,
    "Alpha Component" : 1,
    "Green Component" : 0.76959484815597534
  },
  "Window Type" : 0,
  "BM Growl" : true,
  "Prompt Before Closing 2" : false,
  "Command" : "",
  "Left Option Key Changeable" : false,
  "Selected Text Color" : {
    "Red Component" : 0,
    "Color Space" : "sRGB",
    "Blue Component" : 0,
    "Alpha Component" : 1,
    "Green Component" : 0
  },
  "Ansi 14 Color (Light)" : {
    "Red Component" : 0.16966342926025391,
    "Color Space" : "sRGB",
    "Blue Component" : 0.88701140880584717,
    "Alpha Component" : 1,
    "Green Component" : 0.76887255907058716
  },
  "Cursor Guide Color (Dark)" : {
    "Red Component" : 0.082667849957942963,
    "Color Space" : "sRGB",
    "Blue Component" : 0.86274629831314087,
    "Alpha Component" : 0.25,
    "Green Component" : 0.98757690191268921
  },
  "ASCII Ligatures" : true,
  "Send Code When Idle" : false,
  "Ansi 6 Color" : {
    "Red Component" : 0,
    "Color Space" : "sRGB",
    "Blue Component" : 0.78166204690933228,
    "Alpha Component" : 1,
    "Green Component" : 0.77425903081893921
  },
  "Jobs to Ignore" : [
    "rlogin",
    "ssh",
    "slogin",
    "telnet"
  ],
  "Badge Color (Dark)" : {
    "Red Component" : 1,
    "Color Space" : "sRGB",
    "Blue Component" : 0.42745095491409302,
    "Alpha Component" : 0.5,
    "Green Component" : 0.17254889011383057
  },
  "Cursor Color" : {
    "Red Component" : 0,
    "Color Space" : "sRGB",
    "Blue Component" : 0,
    "Alpha Component" : 1,
    "Green Component" : 0
  },
  "Vertical Spacing" : 1,
  "Bound Hosts" : [

  ],
  "Disable Window Resizing" : false,
  "Close Sessions On End" : true,
  "Selection Color (Dark)" : {
    "Red Component" : 0.7676805853843689,
    "Color Space" : "sRGB",
    "Blue Component" : 0.76760441064834595,
    "Alpha Component" : 1,
    "Green Component" : 0.76441162824630737
  },
  "Default Bookmark" : "No",
  "Foreground Color (Light)" : {
    "Red Component" : 0.86353904008865356,
    "Color Space" : "sRGB",
    "Blue Component" : 0.8635483980178833,
    "Alpha Component" : 1,
    "Green Component" : 0.8635593056678772
  },
  "Custom Command" : "No",
  "Background Color (Dark)" : {
    "Red Component" : 0.11764705926179886,
    "Color Space" : "sRGB",
    "Blue Component" : 0.11764705926179886,
    "Alpha Component" : 1,
    "Green Component" : 0.11764705926179886
  },
  "Ansi 9 Color" : {
    "Red Component" : 0.8659515380859375,
    "Color Space" : "sRGB",
    "Blue Component" : 0.45833224058151245,
    "Alpha Component" : 1,
    "Green Component" : 0.47524076700210571
  },
  "Ansi 14 Color" : {
    "Red Component" : 0.37597531080245972,
    "Color Space" : "sRGB",
    "Blue Component" : 1,